,ROUGE-1,ROUGE-2,ROUGE-L
recall,0.502993720993721,0.2910661398222374,0.4898984828984828
precision,0.6035059477559479,0.33338705761775256,0.5889604932104933
f1-score,0.5452801199133003,0.3077855159325938,0.5315380480316935
